Highway,Side,Between,Prohibited Times and/or Days,parsed_data
Benvenuto Place,All,Turning basin at south end,Anytime,
Belsize Drive,North,A point opposite Acacia Road and Harwood Road,Anytime,
Chatham Avenue,South,A point opposite Byron Avenue and Greenwood Avenue,Anytime,
Burlington Crescent,South,Alberta Avenue Oakwood Avenue,"Anytime, on the 1st Thu. and 3rd Thu. of each month, Apr. 1 to Nov. 30, inclusive",
Douville Court,East,Longboat Avenue to the north end of Douville Court,Anytime,
Currie Avenue,North,Hillingdon Avenue Coxwell Avenue,Anytime,
Corinth Gardens,East,Broadway Avenue and a point 49 metres north and east of Broadway Avenue,Anytime,
Erskine Avenue,North,A point 91.4 metres east of Mount Pleasant Road to the east end of Erskine Avenue,8:00 a.m. to 6:00 p.m.,
Ellis Park Road,Both,Adjacent boulevard strip between a point 41.1 metres south of Bloor Street West and Wendigo Way,Anytime,
Ellis Park Road,North and west,Palisades and a point 115.8 metres east and north,Anytime,
Dundas Square,Both,Yonge Street to Victoria Street,Anytime,
Dovercourt Road,West,Dundas Street West and 30.5 metres south,Anytime,
Du Maurier Boulevard,North,Yonge Street to the east end of Du Maurier Boulevard,Anytime,
Duncannon Drive,West,Lane 30.5 metres south of Eglinton Avenue West and College View Avenue,"8:00 a.m. to 6:00 p.m., Mon. to Fri.",
Glen Road,North,A point opposite Douglas Drive and Edgewood Crescent,"7:00 a.m. to 9:00 a.m., 4:00 p.m. to 6:00 p.m., Mon. to Fri., except public holidays",
Gerrard Street East,North,A point opposite the east limit of Osborne Avenue and Victoria Park Avenue,"4:00 p.m. to 6:00 p.m., Mon. to Fri., except public holidays",
Gerrard Street East,North,Main Street and a point opposite the east limit of Osborne Avenue,Anytime,
Garfield Avenue,North and east,Mount Pleasant Road and a point 102.5 metres south and east,Anytime,
Fuller Avenue,West,Queen Street West and 30.5 metres north,Anytime,
Joe Shuster Way,North,Dufferin Street and a point of 56 metres east,Anytime,
Highview Crescent,East,Oakwood Avenue Rosemount Avenue,"Anytime, except the 1st Thu. and 3rd Thu. of each month, Apr. 1 to Nov. 30, inclusive",
Hertle Avenue,South and east,Highfield Road and a point 91.4 metres west and south,Anytime,
Lonsdale Road,North,A point opposite Avenue Road and Forest Hill Road,Anytime,
Lippincott Street,West,Bloor Street West and point 70.2 metres south of Bloor Street West,Anytime,
Pears Avenue,North,Avenue Road and Bedford Road (except between a point 73 metres west of Avenue Road and a point 17 metres further west of it),Anytime,
Pote Avenue,West,St. Leonard's Avenue to Dinnick Crescent,"8:00 a.m. to 10:00 a.m., Mon. to Fri.",
Pears Avenue,Both,Within Ramsden Park,Anytime,
Scarth Road,North end,Turning basin,Anytime,
Rhodes Avenue,West,A point 311.7 metres north of Fairford Avenue a point 36 metres south,"Anytime, from Dec. 1 of one year to Mar. 31 of the next following year, inclusive",
Queen Street East,North,Jarvis Street and a point opposite the east limit of George Street,Anytime,
Stephanie Street,North,A point 18.3 metres west of John Street to a point 18.3 metres east of Beverley Street,Anytime,
Weybourne Crescent,North,A point 38.1 metres southeast of St. Edmund's Drive to St. Leonard's Avenue,"8:00 a.m. to 10:00 a.m., Mon. to Fri.",
Western Battery Road,West and north,Lynn Williams Street and a point 142.7 metres north and east,Anytime,
Valleymede Road,North and east,Kennedy Avenue and a point 83.8 metres east and south,Anytime,
Valleymede Road,South and west,Kennedy Avenue and a point 70.7 metres and east and south,Anytime,
Unnamed roadway first east of Yonge Street,Both,Southerly from Belsize Drive,Anytime,
Unnamed roadway first north of Eastwood Road,Both,Westerly from Gainsborough Road,Anytime,
Unnamed street,Both,North from Manor Road East first east of Yonge Street,Anytime,
Unnamed street,Both,Running west from Old Weston Road north of Turnberry Avenue,Anytime,
Unnamed Street,North,First south of Glenfern Avenue running east from Silver Birch Avenue,Anytime,
Tarlton Road,West,Lane 30.5 metres south of Eglinton Avenue West and College View Avenue,"8:00 a.m. to 6:00 p.m., Mon. to Fri., except public holidays",
Yonge Boulevard,North and east,Yonge Street and a point 82 metres west and north of Yonge Street,Anytime,
Yonge Boulevard,West,Yonge Street and a point 61.4 metres northwest of a point opposite the north limit of McNairn Avenue,Anytime,
Windermere Avenue,West,South of Budgell Terrace,Anytime,
Danforth Road,South,Birchmount Road and a point 134 metres northeast,Anytime,
Lawrence Avenue West,Both,Caledonia Road and C.N.R. crossing approximately 274.5 metres west,"8:00 a.m. to 6:00 p.m., Mon. to Fri., except public holidays",
Lawrence Avenue East,North,Lorindale Avenue and a point opposite St. Edmund's Drive,Anytime,
Lawrence Avenue West,North,A point opposite Shermount Avenue and Varna Drive,8:30 a.m. to 6:00 p.m.,
Lawrence Avenue East,Both,Victoria Park Avenue and High Point Road,Anytime,
Jane Street,West,Baby Point Road and Pritchard Avenue,"7:00 a.m. to 9:00 a.m., 4:00 p.m. to 6:00 p.m., Mon. to Fri., except public holidays",
Lake Shore Boulevard West,South,A point opposite the south limit of Allen Avenue and a point opposite the north limit of Mimico Avenue,Anytime,
Eglinton Avenue East,North,Yonge Street and a point opposite the east limit of Dunfield Avenue,Anytime,
Kingston Road,Northwest,Heyworth Crescent and a point 143.5 metres northeast,8:30 a.m. to 6:00 p.m.,
Wilson Avenue,South,A point opposite the east limit of Belgrave Avenue and Saunders Street,Anytime,
Bermondsey Road,West,Hollinger Road and a point opposite the southerly limit of Sunrise Avenue,Anytime,
Burley Avenue,West,A point opposite the northerly limit of Floyd Avenue and Bater Avenue,Anytime,
Canvarco Road,South,The northeast end of Canvarco Road and a point 60 metres southwest,Anytime,
Weston Road,East,A point 45.5 metres northwest of St. Phillips Road and Conron Place,"7:00 a.m. to 9:00 a.m., 4:00 p.m. to 6:00 p.m., Mon. to Fri., except public holidays",
South Kingsway,Both,Bloor Street and a point opposite the south limit of Larkin Avenue,Anytime,
Lane,Both,Todmorden Lane (See under Streets),Anytime,
Lane,Both,"Cosburn Avenue and 39.5 metres south, first west of Pape Avenue",Anytime,
Millwood Road,South,Bayview Avenue and a point opposite the east limit of Donegall Drive,Anytime,
Lane,Both,North end of lane first north of Danforth Avenue and first east of Gledhill Avenue and a point 39.1 metres south thereof,Anytime,
Laird Drive,East,Within 30.5 metres south of Donlea Drive,Anytime,
Lane,Both,"Pape Avenue to the lane west of East York Avenue, south of MacPhail Avenue",Anytime,
Laird Drive,West,Within 30.5 metres north of Donlea Drive,Anytime,
Mortimer Avenue,North,,,
Hanna Road,West,Adjacent to Bessborough School,"8:30 a.m. to 4:30 p.m., except Sat. and Sun.",
Hanna Road,West,Adjacent to Rolph Road School,"8:30 a.m. to 4:30 p.m., except Sat. and Sun.",
Chisholm Avenue,East,A point 38.1 metres south a point opposite the southerly limit of Gatwick Avenue and Lumsden Avenue (south intersection),Anytime,
Fleming Crescent,,,,
Furnival Road,North,,Anytime,
Dustan Crescent,,Around island at intersection,Anytime,
Wicksteed Avenue,North,A point opposite the west limit of Copeland Street and a point 131.5 metres east thereof,Anytime,
Wicksteed Avenue,North,A point opposite the east limit of Beth Nealson Drive and the east end of Wicksteed Avenue,Anytime,
William Morgan Drive,North,A point opposite the east limit of the north/south leg of William Morgan Drive and a point 30.5 metres east thereof,Anytime,
Arlington Avenue,West and south,A point 140.9 metres east and south of Winnett Avenue and a point 34.7 metres north and west thereof,Anytime,
Baby Point Road,North,Baby Point Crescent (east intersection) and Jane Street,Anytime,
Sharron Drive,South,Adjacent to Bessborough School,"8:30 a.m. to 4:30 p.m., except Sat. and Sun.",
Plaxton Drive,West,The lane 36 metres south of St. Clair Avenue East and Glencrest Boulevard,Anytime,
Squires Avenue,West,St. Clair Avenue East and a point opposite the south limit of Holmstead Avenue,Anytime,
Cedarcrest Boulevard,West,Adjacent to George Webster School,"8:00 a.m. to 6:00 p.m., Mon. to Fri.",
Torrens Avenue,South,Pape Avenue and a point 233.3 east of Pape Avenue,Anytime,
Sutherland Drive,East,A point 30.5 metres south of the south side of Donlea Drive,"8:00 a.m. to 6:00 p.m., Mon. to Fri.",
Rolph Road,East,Adjacent to Rolph Road School,"8:30 a.m. to 4:30 p.m., except Sat. and Sun.",
Gower Street,South,Adjacent to George Webster School grounds,"8:00 a.m. to 6:00 p.m., Mon. to Fri.",
Hanna Road,West,Adjacent to Bessborough School,"8:30 a.m. to 4:30 p.m., except Sat. and Sun.",
Hanna Road,West,Adjacent to Rolph Road School,"8:30 a.m. to 4:30 p.m., except Sat. and Sun.",
Marilyn Crescent,West,Adjacent to Presteign Heights School,"8:00 a.m. to 6:00 p.m., Mon. to Fri.",
Sutherland Drive,West,Millwood Road and a point 45.5 metres southwest of Millwood Road,Anytime,
Rolph Road,East,Adjacent to Rolph Road School,"8:30 a.m. to 4:30 p.m., except Sat. and Sun.",
Vanderhoof Avenue,East and north,Brentcliffe Road and a point opposite the north limit of Research Road,Anytime,
Vicross Road,East,St. Clair Avenue East and a point opposite the north limit of Warvet Crescent,Anytime,
Sharron Drive,South,Adjacent to Bessborough School,"8:30 a.m. to 4:30 p.m., except Sat. and Sun.",
Emmett Avenue,South,A point 701 metres north and east of Eglinton Avenue West and Jane Street,Anytime,
Forest Point Drive,East and north and west and south,Buttonwood Avenue and the east end of Forest Point Drive (south intersection),Anytime,
Branstone Road,East and south,A point 111 metres west and south of Ennerdale Road (north intersection) and a point 30 metres north and east thereof,Anytime,
Bude Street,West and north,Vaughan Road and a point 45.7 metres north and east,Anytime,
Castleton Avenue,East,Henrietta Street and a point opposite the southerly limit of Corbett Avenue,Anytime,
Kane Avenue,North and west,Old Weston Road and a point 100.6 metres east and north,Anytime,
Humbercrest Boulevard,East,Humberview Road and Baby Point Road,Anytime,
Greyton Crescent,East and south,A point 46 metres west and south of Glenholme Avenue and Glenholme Avenue,Anytime,
Humbercrest Point,South,The west end of Humbercrest Point and Humbercrest Boulevard,Anytime,
Halford Avenue,South and east,Riverview Gardens (east intersection) and a point 91 metres east and north,Anytime,
Sykes Avenue,East and south,Denison Road West and a point 82.3 metres north and east,Anytime,
Sandcliffe Road,West and north,Black Creek Boulevard and a point 125 metres north and east,Anytime,
Rose Valley Crescent,East and north,Black Creek Boulevard and a point 188 metres north and west,Anytime,
Sidney Belsey Crescent,West and south,A point 174 metres west and south of Westpoint Lane (north intersection) and Westpoint Lane (south intersection),Anytime,
Paulson Road,East and south,Trethewey Drive and a point 115.8 metres north and east of Trethewey Drive,Anytime,
Seventh Street,West,First lane south of Lake Shore Boulevard West and a point 31 metres south thereof,Anytime,
Wadsworth Boulevard,North and west,A point 132 metres south and west of William Street and a point 73 metres east and north thereof,Anytime,
Winona Drive,East and south,A point 55 metres north Glenhurst Avenue and Dundurn Crescent (north intersection),Anytime,
Elmvale Crescent,Both,Silverstone Drive and a point 150 metres west and south,Anytime,
Dixington Crescent,"West, north and east",From a point 82.5 metres south of Dixon Road (west intersection) and Dixon Road (east intersection),Anytime,
Dixington Crescent,South,From a point 106 metres south of Dixon Road (west intersection) and a point 13 metres east/south thereof,Anytime,
Coules Court (south portion of road),South,Brown's Line and a point 45.5m west,Anytime,
Elma Street,South,Dwight Avenue an Royal York Road,Anytime,
Carsbrooke Road,Both,Cambrian Road and a point 75 metres west thereof,Anytime,
Bergamot Avenue,North,A point 190.5m east of Rexdale Boulevard and Islington Avenue,Anytime,
Berry Road,Both,Park Lawn Road and a point opposite the west limit of Prince Edward Drive South,Anytime,
Marina Avenue,North,A point 53 metres east of Thirty Fifth Street,"8:00 a.m. to 5:00 p.m., Mon. to Fri.",
Minglehaze Drive,East,Shockley Drive and a point 85 metres north and east,Anytime,
Lake Shore Drive,South,Eleventh Street (south intersection) and a point opposite the west limit of Thirteenth Street,Anytime,
La Rose Avenue,North,Royal York Road a point 122 metres west of Griggsden Avenue,Anytime,
Great Oak Drive,North,Remington Drive (west intersection) and a point opposite the south limit of Greening Crescent,Anytime,
Haimer Avenue,Both,Jupp Court and a point 67.5 metres south and west,Anytime,
Jackson Avenue,West,Laneway first north of Bloor Street Westand a point 61 metres north of King Georges Road,Anytime,
Genthorn Avenue,South,Kipling Avenue and point 41 metres east,Anytime,
Sussex Drive,South,Royal York Road and,Anytime,
Thistle Down Boulevard,North,A point opposite the east limit of Dashwood Crescent (west intersection) and a point 113 metres west and south thereof,Anytime,
Tandridge Crescent,East,Byng Avenue and a point opposite the the south limit of Arcot Boulevard,Anytime,
Trehorne Drive,West,Royal York Road and a 356 metres west,8:00 a.m. to 5:00 p.m.,
Simpson Avenue (ET),North,The first lane west of Royal York Road and a point opposite the east limit of St. George Street,Anytime,
Riverdale Drive,Both,Albion Road and a point 45.5 metres of the road,Anytime,
Riverwood Parkway,North,Stephen Drive and a point opposite the south limit of Humber Ridge Drive,Anytime,
North Kingslea Drive,Both,Kingslea Gardens and and point 61.5 metres north and east thereof,Anytime,
Bimbrok Road,East,Eglinton Avenue East and 30.5 metres north of Eglinton Avenue East,Anytime,
Bethune Boulevard,North and east,Muir Drive and a point 113 metres southeast of Muir Drive,Anytime,
Barbados Boulevard,Both,Eglinton Avenue and 70 metres south of Eglinton Avenue East,Anytime,
Waterford Drive,East and south,A point 201 metres south and west of Summitcrest Drive and a point 35 metres south and west thereof,Anytime,
Waterford Drive,South,A point 325 metres south and west of Summitcrest Drive and a point 31 metres west thereof,Anytime,
Aveline Crescent,East,A point 150.2 metres northeast of Lynnbrook Drive (southeast intersection) and a point 151.7 metres northeast of Lynnbrook Drive (northwest intersection),"7:00 a.m. to 6:00 p.m., Mon. to Fri.",
Lavery Trail,North and west,Meadowvale Road and a point 82 metres northeast of Meadowvale Road,Anytime,
Echo Point,South,Bridletowne Circle and the west end of Echo Point,Anytime,
Elfreda Boulevard,East,St. Clair Avenue East and a point opposite the north limit of Trinnell Boulevard,Anytime,
Dolphin Drive,South,Pharmacy Avenue and a point opposite the west limit of Bexhill Avenue,Anytime,
Old Kingston Road,Both,Military Trail and a point 680 metres southwest of Miltary Trail,Anytime,
Ormerod Street,South,Markham Road and 120 metres east of Markham Road,Anytime,
Newlands Avenue,North,A point opposite the east limit of Santamonica Boulevard (east intersection) and Birchmount Road,Anytime,
Ambrose Road,East,A point opposite the southerly limit of Maureen Drive and a point opposite the southerly limit of Howard Drive,"9:00 a.m. to 6:00 p.m., Mon. to Fri.",
Arleta Avenue,East,Sheppard Avenue West and a point opposite the southerly limit of Anchor Drive,Anytime,
Victoria Park Avenue,East,A point opposite the north limit of Bracken Avenue and Kingston Road,Anytime,
Alamosa Drive,West,Finch Avenue East and a point opposite the easterly limit of Geraldton Crescent (east intersection),Anytime,
Avonwick Gate,West,A point opposite the southerly limit of Rustywood Drive and Beveridge Drive,Anytime,
Ashwarren Road,South,Ceramic Road and a point 164.5 metres east Keele Street,1:00 a.m. to 6:00 a.m.,
Allingham Gardens,East and South,A point opposite King High Avenue and Collinson Boulevard,Anytime,
Antibes Drive,South,Torresdale Avenue (south intersection) and a point opposite the easterly limit of Candle Liteway (east intersection),"7:00 a.m. to 9:00 a.m., 4:00 p.m. to 6:00 p.m., Mon. to Fri.",
Bakersfield Street,East,Ashwarren Road and a point opposite the northerly limit of St. Regis Crescent North,Anytime,
Avonwick Gate,West,Cassandra Boulevard and a point opposite the northerly limit of Rustywood Drive,"8:00 a.m. to 6:00 p.m., Mon. to Fri.",
Wynnview Court,Both,Glen Everest Road and a point 38.1 south of Glen Everest Road,Anytime,
Scunthorpe Road,Both,Milner Avenue and a point 30.5 metes south of Invergordon Avenue,Anytime,
Vauxhall Drive,Both,Birchmount Road and a point 183 metres east Birchmount Road,"7:00 a.m. to 6:00 p.m., Mon. to Fri.",
Taylor Road,North,Rouge Hills Drive and West Point Avenue,Anytime,
Southlawn Drive,South,Kennedy Road and a point opposite the east limit of Buena Vista Avenue,Anytime,
Bryn Road,West,Gracefield Avenue and a point opposite the northerly limit of Wickford Drive,"8:00 a.m. to 4:00 p.m., Mon. to Fri.",
Castlegrove Boulevard,South and East,Broadlands Boulevard and a point opposite the easterly limit of Fairhill Crescent (west intersection),Anytime,
Burbank Drive,East,Farmingdale Road and a point opposite the southerly limit of Canary Crescent (south intersection),Anytime,
Burbank Drive,Both,Sheppard Avenue East Citation Drive,Anytime,
Brookhaven Drive,West,Trethewey Drive and a point opposite the southerly limit of Westchester Road,Anytime,
Calvin Avenue,East,Sheppard Avenue East and a point 27.5 metres north Irvington Crescent,Anytime,
Bridgeland Avenue,North,A point opposite the westerly limit of Caledonia Avenue and the west end of Bridgeland Avenue,Anytime,
Bannatyne Drive,North and East,A point opposite the westerly limit of Riderwood Drive and a point opposite the southerly limit of Mellowood Drive,Anytime,
Barber Greene Road,South,Don Mills Road and a point opposite the easterly limit of Wren Court,Anytime,
Bradstock Road,North,Weston Road and a point opposite the easterly limit of Samba Drive,Anytime,
Berkindale Drive,East and South,Heathcote Avenue and a point opposite the westerly limit of Gerald Street,Anytime,
Bogert Avenue,South,Beecroft Road Yonge Street,Anytime,
Bombay Avenue,South,Armour Boulevard and a point opposite the westerly limit of Kirkton Road,Anytime,
Bestview Drive,North and West,Laureleaf Road South and a point opposite the northerly limit of Harrington Crescent,Anytime,
Derrydown Road,East,A point opposite the southerly limit of Frankton Crescent and Grandravine Drive,Anytime,
Derrydown Road,East,A point opposite the southerly limit of Frankton Crescent and Catford Road,1:00 a.m. to 6:00 a.m.,
Diana Drive,South,Keele Street and a point opposite the westerly limit of Sunfield Road,Anytime,
Deerford Road,South,Don Mills Road East and point 80 metres east of Don Mills Road East,Anytime,
Driftwood Avenue,East and South,Finch Avenue West and a point opposite the east limit of Hoover Crescent (east intersection),Anytime,
Doris Avenue,East,Spring Garden Avenue and a point opposite the southerly limit of Hollywood Avenue,"8:00 a.m. to 6:00 p.m., Mon. to Fri.",
Driftwood Avenue,East and south,Finch Avenue West and a point opposite the easterly limit of Hoover Crescent (east intersection),Anytime,
Denlow Boulevard,South,A point opposite the west limit of Bramble Drive and Caravan Drive,Anytime,
Doris Avenue,East,Hollywood Avenue and a point opposite the southerly limit of Norton Avenue,Anytime,
Driftwood Avenue,East,A point opposite the northerly limit of Grandravine Drive and Futura Drive,Anytime,
Dawlish Avenue (NY),North,Bayview Avenue and a point opposite the westerly limit of Daneswood Road,"7:00 a.m. to 7:00 p.m., Mon. to Fri.",
De Quincy Boulevard,North,A point opposite the west limit of Graymar Avenue and King High Avenue,Anytime,
Derrydown Road,South,Sentinel Road and a point opposite the easterly limit of Paulvale Crescent (west intersection),Anytime,
Churchill Avenue (NY),South,Canterbury Place and a point opposite the westerly limit of Claywood Road,"9:00 a.m. to 6:00 p.m., Mon. to Fri.",
Clydesdale Drive,East,Victoria Woods Gate and and point 27 metres south,Anytime,
Clair Road,South,Jane Street and a point opposite the easterly limit of Mayberry Road,Anytime,
Cocksfield Avenue,South,Wilson Heights Boulevard and a point opposite the westerly limit of Tillplain Road,"8:30 a.m. to 6:00 p.m., Mon. to Fri.",
Codsell Avenue,North,Bathurst Street and a point opposite the westerly limit of Heaton Street,Anytime,
Cuffley Crescent South,West/South,Keelegate Drive (west intersection) and a point 166 metres south and east thereof,Anytime,
Cuffley Crescent North,East/South,Keelegate Drive (west intersection) and a point 129 metres north and east thereof,Anytime,
Cuffley Crescent South,East/North,Keelegate Drive (west intersection) and a point 150 metres south and east thereof,Anytime,
Clipper Road,East,Van Horne Avenue and a point opposite the northerly limit of Bowhill Crescent (north intersection),Anytime,
Futura Drive,South and west,Driftwood Avenue and a point 84 metres southeast of Driftwood Avenue,Anytime,
Firgrove Crescent,South,Jane Street (north intersection) and a a point opposite the easterly limit of Picaro Drive,Anytime,
Firgrove Crescent,"South, east and north",A point opposite the westerly limit of Petiole Road and Jane Street (south intersection),Anytime,
Fox Point,North,Brookhaven Drive and the east end of Fox Point,Anytime,
Francine Drive,West,Zircon Court and a point opposite the easterly limit of Marisa Court,1:00 a.m. to 6:00 a.m.,
Glen Park Avenue,East,A point 108 metres north and Glencairn Avenue (east intersection),Anytime,
Flemington Road,North,A point opposite the easterly limit of Replin Road and a point opposite the southerly limit of Varna Drive,Anytime,
Glen Long Avenue,South,A point opposite the westerly limit of Ennerdale Street and a point opposite the easterly limit of Landsdowne Avenue,"8:00 a.m. to 4:00 p.m., Mon. to Fri.",
Franklin Avenue (NY),North,Yonge Street and a point opposite the easterly limit of Botham Road,Anytime,
Flint Road,West,The south end of Flint Road and a point opposite the northerly limit of Supertest Road,Anytime,
Franklin Avenue (NY),North,A point opposite the westerly limit of Botham Road and Bassano Road,"8:00 a.m. to 4:00 p.m., Mon. to Fri.",
Ernest Avenue,South,Victoria Park Avenue and a point opposite the easterly limit of Chalet Road,Anytime,
Ellerslie Avenue,North,Tamworth Road and a point opposite the westerly limit of Diagonal Road,Anytime,
Fairchild Avenue,South and east,A point opposite the easterly limit of Burke Street and Inez Court,"9:00 a.m. to 4:00 p.m., Mon. to Fri.",
Fairchild Avenue,South and east,A point opposite the easterly limit of Burke Street and Inez Court,"9:00 a.m. to 4:00 p.m., Mon. to Fri.",
Hawksbury Drive,West,Sheppard Avenue East and a point opposite the westerly limit of Morewood Crescent (west intersection),Anytime,
Hendon Avenue,North,Yonge Street and a point opposite the westerly limit of Kensington Avenue,Anytime,
Hounslow Avenue,Both,A point 70 metres north and west of Horsham Avenue and Tamworth Road,"8:00 a.m. to 6:00 p.m., Mon. to Fri.",
Hove Street,West and south,Brighton Avenue and a point opposite the westerly limit of Hershelen Road,Anytime,
Hobart Drive,East and north,Seneca Hill Drive and a point 155 metres southeast of Seneca Hill Drive,"8:00 a.m. to 6:00 p.m., Mon. to Fri.",
Holcolm Road,South,A point opposite the easterly limit of Edithvale Drive and Tamworth Road,Anytime,
Ikley Road,East and south,Fallingdale Crescent (southwest intersection) and a point 106.8 metres north and east of Fallingdale Crescent (southwest intersection),Anytime,
Ingleside Drive,West,Wilson Avenue and a point opposite the southerly limit of Graham Road,Anytime,
Glencairn Avenue (NY),South,Dufferin Street and a point opposite the easterly limit of Ennerdale Avenue,Anytime,
Green Bush Road,North,A point opposite the westerly limit of Fontainbleau Drive and Road and Tanjoe Crescent (west intersection),Anytime,
Haddington Avenue,North,Bathurst St and a point opposite the westerly limit of Sunshine Street,Anytime,
Gosford Boulevard,West,Shoreham Drive and a point opposite the southerly limit of Milo Park Gate,Anytime,
Glentworth Road,East,A point opposite the northerly limit of Ennismore Place and a point opposite the southerly limit of Marowyne Drive,Anytime,
Grampian Crescent,South and west,Aviemore Drive (north intersection) and a point 100 metres east and south,Anytime,
Grandravine Drive,South,A point opposite the easterly limit of Derrydown Road and Sentinel Road,Anytime,
Goddard Street,East,Sheppard Avenue West and a point opposite the southerly limit of Cocksfield Avenue,"8:00 a.m. to 6:00 p.m., Mon. to Fri.",
Granlea Road,North,Calvin Avenue and a point opposite the westerly limit of Vonda Avenue,Anytime,
Goldenwood Road,South,A point opposite the southerly limit of Topaz Gate and a point opposite the easterly limit of Sparwood Court,Anytime,
Lois Avenue,East,Wenderly Drive and a point opposite the northerly limit of Glenbrook Avenue,"8:00 a.m. to 4:00 p.m., Mon. to Fri.",
Lois Avenue,East,A point ppposite the southerly limit of Glenbrook Avenue and Glengrove Avenue,"8:00 a.m. to 4:00 p.m., Mon. to Fri.",
MicMac Crescent,South and east,Shawnee Circle (northwest intersection) and a point 114.5 metres west and south,Anytime,
Marquette Avenue,South,Bathurst Street and a point opposite the easterly limit of Carhartt Street,Anytime,
Lord Seaton Road,North and west,Yorkminster Road (southwest intersection) and a point opposite the southerly limit of Montressor Drive,Anytime,
Mason Boulevard,East,A point opposite the northerly limit of Dunster Avenue and De Vere Gardens,"8:00 a.m. to 11:00 a.m., Mon. to Fri.",
Mentor Boulevard,Both,Mogul Drive and a point 204 metres east and north of Mogul Drive,"9:00 a.m. to 4:00 p.m., Mon. to Fri.",
Kingslake Road,North,Godstone Road and a point opposite the westerly limit of Allenbury Gardens (west intersection),Anytime,
Lindylou Road,South,A point opposite the easterly limit of Rumike Road and Daystrom Drive (southeast intersection),Anytime,
Laurelcrest Avenue,North,Bathurst Street and a point 91.5 metres west Bathurst Street,Anytime,
Kenneth Avenue,West,A point opposite the southerly limit of Spring Garden Avenue and a point 90 metres south thereof,"8:00 a.m. to 4:00 p.m., Mon. to Fri.",
Kenneth Avenue,West,A point opposite the notherly limit of Spring Garden Avenue and Hollywood Avenue,Anytime,
Kenneth Avenue,East,Spring Garden Avenue and a point 88 metres south thereof,Anytime,
Parkchester Road,South,Brookhaven Drive and a point opposite the easterly limit of Westchester Road,Anytime,
Pemberton Avenue,Both,Kenneth Avenue and a ooint 152.5 metres west,Anytime,
Prestwick Crescent,East and south,A point opposite the northerly limit of Dexter Boulevard and Clansman Boulevard (north intersection),Anytime,
Ranee Avenue,North,Dufferin Street and a point opposite the westerly limit of Flemington Road,"9:00 a.m. to 4:00 p.m., Mon. to Fri.",
Regatta Crescent,East and south,Greenwin Village Road and a point 321 metres south/west of Bison Drive,1:00 a.m. to 6:00 a.m.,
Parkway Forest Drive,East,A point 342 metres south and Sheppard Avenue East,Anytime,
Rajah Street,West,Neptune Drive and a point opposite the southerly limit of Wasdale Crescent,Anytime,
Pineway Boulevard,East,A point opposite the northerly limit of Old Cummer Avenue and Yatesbury Road (south intersection),Anytime,
Ranee Avenue,North,A point opposite the westerly limit of Flemington Road and Varna Drive,Anytime,
Northover Street,North,A point opposite of Giltspur Drive and Ladyfield Court,Anytime,
Old Sheppard Avenue,North,Muirhead Road and a point opposite the westerly limit of Ladner Drive,Anytime,
Nymark Avenue,South,Shaughnessy Boulevard and a point opposite the westerly limit of Hollybrook Crescent,Anytime,
Nymark Avenue,South,Leslie Street and a point opposite the easterly limit of Corning Road,Anytime,
Oakdale Road,West,Sheppard Avenue West and a point 30 metres north Torbarrie Road,Anytime,
Moccasin Trail,South and west,Nob Lane and a point 76 metres west and north,Anytime,
Newton Drive,South and east,Bayview Avenue and a point opposite the westerly limit of Robinter Drive,Anytime,
Otter Crescent (NY),Both,A point 88.5 metres southeast of Edgecombe Avenue and the westerly limit of Edgecombe Avenue,Anytime,
Old Sheppard Avenue,North,A point opposite the easterly limit of Ladner Drive and Victoria Park Avenue,"4:00 p.m. to 8:00 a.m., Mon. to Fri.",
Mossgrove Trail,East and south,A point 150 metres south Riderwood Drive and a point 180 metres south and west of Riderwood Drive,Anytime,
North Hills Terrace,"South, west and north",A point 164 southwest of Moccasin Trail and a point 208 metres south thereof,Anytime,
Southill Drive,West,Barber Greene Road and a point opposite the northerly limit of Foxden Road,"7:00 a.m. to 9:00 a.m., 4:00 p.m. to 6:00 p.m., Mon. to Fri.",
Strathallan Wood,South,Alexandra Wood and point 306.6 metres east of Alexandra Wood,Anytime,
Sparrow Avenue,North,Dufferin Street and a point opposite the westerly limit of Mulholland Avenue,Anytime,
Stilecroft Drive,South and east,Sentinel Road and a point 287 metres west and south,Anytime,
Talbot Road,West,Finch Avenue West and a point opposite the southerly limit of Blake Avenue,Anytime,
Santa Barbara Road,East and south,Kempford Boulevard and a point 105.5 metres south and west,Anytime,
Reiner Road,South,A point opposite the easterly limit of Hammell Street and Bathurst Street,Anytime,
Santa Barbara Road,West and north,A point opposite the southerly limit of Kempford Boulevard and a point 70 metres south and west,"8:30 a.m. to 4:30 p.m., Mon. to Fri.",
Santa Barbara Road,South,A point 105.5 metres south and west of Kempford Boulevard and Basswood Road,"8:00 a.m. to 6:00 p.m., Mon. to Fri.",
Riderwood Drive,North and west,Mossgrove Trail and a point opposite the southerly limit of Kirkwood Road,Anytime,
Shaftesbury Street,East,Clifton Avenue and a point opposite the southerly limit of Pannahill Road,"8:00 a.m. to 4:00 p.m., Mon. to Fri.",
Ridge Road,East,Wilson Avenue and a point opposite the northerly limit of Downsview Avenue,Anytime,
Shamokin Drive,East,Olsen Drive (south intersection) and a point opposite the northerly limit of Ruden Crescent,Anytime,
Seacliff Boulevard,West,Duncanwoods Drive and a point opposite the southerly limit of Navenby Crescent,Anytime,
Secroft Crescent,Both,Gosford Boulevard (north intersection) and a point 252 metres west and south,Anytime,
Roywood Drive,East,A point opposite the easterly limit of Sandover Drive and a point opposite the easterly limit of Marbury Crescent (west intersection),Anytime,
Rochefort Drive,South,A point opposite the easterly limit of Ferrand Road (west intersection) and Deauville Lane,Anytime,
Wildcat Road,West and north,Canarctic Drive (southwest intersection) and a point 248 metres north and east,Anytime,
York Mills Road,North,Victoria Park Avenue and a point opposite the easterly limit of Rayoak Drive,Anytime,
William Cragg Drive,West and south,Wilson Avenue and a point opposite the easterly limit of Redfern Avenue,Anytime,
Wyndale Drive,South,Keele Street and a point opposite the westerly limit of Wickford Drive,Anytime,
Wyndcliff Crescent,South and east,Sweeney Drive and a point opposite the easterly limit of Teak Avenue,Anytime,
Verobeach Boulevard,West,A point opposite the northerly limit of Coral Gable Drive and a point 60 metres north thereof,9:00 p.m. of one day to 9:00 a.m. of the next following day,
Upper Canada Drive,East and south,Lord Seaton Road and a point 183 metres north and east of Lord Seaton Road,Anytime,
Wendell Avenue,East,Gary Drive and a point 30 metres nother,Anytime,
Torresdale Avenue,West,A point opposite the southerly limit of Cedarcroft Boulevard and a point opposite the southerly limit of Antibes Drive (southwest intersection),Anytime,
Valley Road,North,A point opposite the westerly limit of Valley Ridge Place and Bayview Ridge,Anytime,
Wenderly Drive,South,Dufferin Street and a point opposite the westerly limit of Carousel Court,Anytime,
Tottenham Road,South and west,Leslie Street and a point 66.5 metres east and south of Leslie Street,Anytime,
Van Horne Avenue,North,Don Mills Road and a point opposite the easterly limit of Tumbleweed Road,Anytime,
Elmartin Drive,South,A point 275 metres west northwest of Ambercroft Boulevard (south intersection) and a point 85 metres further northwest,"8:00 a.m. to 4:00 p.m., Mon. to Fri.",
Glendower Circuit,South (inner radius),Birchmount Road (north intersection) and a point opposite the north limit of Andes Road,Anytime,
Irving Road,North,A point 20 metres west of Keele Street to a point 107 metres further west,"9:31 a.m. to 10:59 a.m., 1:01 p.m. to 2:59 p.m., 4:01 p.m. to 8:29 a.m., Mon. to Fri.",
Margueretta Street,East,College Street and a point 66 metres north thereof,Anytime,
Palmdale Drive,East and North,A point 388 metres south and east of Sheppard Avenue East and a point 91 metres further south and east,Anytime,
Palmdale Drive,North,A point 509 metres south and east of Sheppard Avenue East and Warden Avenue,Anytime,
Parkhurst Boulevard,North,Sutherland Drive and a point opposite the east limit of Randolph Road,"8:00 a.m. to 10:00 a.m., 3:00 p.m. to 5:00 p.m., Mon. to Fri.",
Palmdale Drive,East and North,Sheppard Avenue East and a point 147 metres south and east of Sheppard Avenue East,Anytime,
Palmdale Drive,North and East,A point 202 metres south and east of Sheppard Avenue East and a point 81metres further south and east,Anytime,
Firgrove Crescent,North,Elana Drive and a point 110 metres southwest of Elana Drive,Anytime,
Firgrove Crescent,North,A point 194 metres southwest of Elana Drive and Picaro Drive,Anytime,
Firgrove Crescent,North,A point 110 metres southwest of Elana Drive and a point 84 metres further southwest,6:00 p.m. of one day to 8:00 a.m. of the next following day,
Starcross Court,South and east,Emily Avenue and 100 metres west,"8:00 a.m. to 4:00 p.m., Mon. to Fri.",
Blackfriar Avenue,East,A point 130 metres northeast of Dixon Road and Kingsview Boulevard,Anytime,
River Valley Crescent,North,A point opposite the east limit of Tanglewood Terrace and Stephen Drive,Anytime,
Mathersfield Drive,North,A point 105 metres north and east of Pricefield Road and Mathersfield Drive (easterly north/south leg),"8:00 a.m. to 10:00 a.m., Mon. to Fri.",
Tilbury Drive,North and west,A point opposite the west limit of Hawksdale Road and Cuffley Crescent South,"8:30 a.m. to 6:00 p.m., Mon. to Fri.",
MacPhail Avenue,North,"Pape Avenue to the first lane west of East York Avenue, south of Mortimer Avenue","Jan., Feb., Mar., Apr., Jun., Aug., Oct. and Dec.",
East York Avenue,West,Mortimer Avenue to MacPhail Avenue,"May, Jul., Sep. and Nov.",
East York Avenue,East,Mortimer Avenue to MacPhail Avenue,"Jan., Feb., Mar., Apr., Jun., Aug., Oct. and Dec.",
Gowan Avenue,North,Broadview Avenue to Logan Avenue,"May, Jul., Sep. and Nov.",
Gowan Avenue,South,Broadview Avenue to Logan Avenue,"Jan., Feb., Mar., Apr., Jun., Aug., Oct. and Dec.",
Everett Crescent,South and West,Oak Park Avenue to Wallington Avenue,"May, Jul., Sep. and Nov.",
Everett Crescent,North and East,Oak Park Avenue to Wallington Avenue,"Jan., Feb., Mar., Apr., Jun., Aug., Oct. and Dec.",
MacPhail Avenue,South,"Pape Avenue to the first lane west of East York Avenue, south of Mortimer Avenue","May, Jul., Sep. and Nov.",
John Tabor Trail,Southeast,Brenyon Way and 56 metres further northeast,Anytime,
Hainford Street,North,Manse Road and a point 201 metres east and south of Manse Road,Anytime,
Hainford Street,East and south,A point 331 metres east and south of Manse Road and a point 32 metres further south and west,Anytime,
Hainford Street,West and north,A point 331 metres east and south of Manse Road and a point 30 metres further south and west,Anytime,
Bain Avenue,South,Carlaw Avenue to Pape Avenue,"First day to the 15th day of each month, from Apr. 1 to Nov. 30, inclusive",
Milverton Boulevard,North,Woodbine Avenue to Coleridge Avenue,"Jan., Feb., Mar., Apr., Jun., Aug., Oct. and Dec.",
Deerhide Crescent,Both,Arrow Road (north intersection) and a point 240 metres west/south,Anytime,
Rostrevor Road,West,Dewbourne Avenue and appoint 44 metres south of Eglinton Avenue West,"8:00 a.m. to 10:00 a.m., and 4:00 p.m. to 6:00 p.m. Mon. to Fri.",
Wanless Avenue,South,Cardinal Place and a point opposite the west side of Deal Avenue,"8:30 a.m. to 5:00 p.m., Mon. to Fri.",
Hearth Place,"North, South and West",North-west end of Hearth Place and a point 28 metres east and south,Anytime,
Jane Street,East,A point opposite the south limit of Lessard Avenue and Nelles Avenue,7:00 a.m. to 9:00 a.m. and 4:00 p.m. to 6:00 p.m. Mon. to Fri. except public holidays,
Sutherland Drive,West,Broadway Avenue ad Donlea Drive,"8:00 a.m. to 6:00 p.m., Mon. to Fri.",
Shaughnessey Boulevard,West,A point opposite Rochelle Crescent (north intersection) and Dallington Drive,Anytime,
Lorraine Drive,South,A point opposite the easterly limit of Madeline Road and a point opposite the easterly limit of Blakeley Road,"8:00 a.m. to 6:00 p.m., Mon. to Fri.",
Rockelm Road,Both,Arden Crescent (south intersection) and a point 94 metres east and north,7:00 a.m. to 6:00 p.m. Mon. to Fri.,
James Gray Drive,North and east,Mallaby Road (south intersection) and a point 180 metres west and north,Anytime,
Milvan Drive,North and east,A point 198 metres southeast of Penn Drive (northwest intersection) and Finch Avenue West,Anytime,
Milvan Drive,North and east,A point opposite Penn Drive (northwest intersection) and a point 198 metres southeast,8:00 a.m. to 6:00 p.m. Mon. to Fri.,
Milvan Drive,North and east,Millwick Drive (northwest intersection) and a point opposite Penn Drive (northwest intersection),Anytime,
Hobart Drive,Both,A point 191 metres southeast of Seneca Hill Drive and a point 30 metres further southeast,Anytime,
Hobart Drive,West and south,Seneca Hill Drive and a point 191 metres southeast,8:00 a.m. to 6:00 p.m. Mon. to Fri.,
Hobart Drive,West and south,A point 221 metres southeast of Seneca Hill Drive and Van Horne Avenue,8:00 a.m. to 6:00 p.m. Mon. to Fri.,
Cartwright Avenue,South,A point opposite the easterly limit of Jane Osler Boulevard and Dufferin Street,8:00 a.m. to 6:00 p.m.,
Darnborough Way,Both,Brookmill Boulevard and a point 109 metres north/west,Anytime,
Genthorn Avenue,North,A point opposite the west limit of Moncrieff Drive and a point opposite the east limit of Moncrieft Drive,9:00 a.m. to 5:00 p.m.,
Culford Road,West,Woolton Crescent/Harrow Drive and Ridge Point Crescent/George Anderson Drive,Anytime,
Crawfoot Place,Both,Eaglepoint Road and west end of Crawfoot Place,2:00 a.m. to 6:00 a.m.,
Echo Point,Both,Bridletowne Circle (east branch) and west end of Echo Point,2:00 a.m. to 6:00 a.m.,
Echo Point,Both,Bridletowne Circle (east branch) and west end of Echo Point,2:00 a.m. to 6:00 a.m.,
Highview Road,West,Downsview Avenue and a point 29 metres nroth,Anytime,
Sudbury Street,South,A point 81 metres southeast of Queen Street West and Dovercourt Road,Anytime,
Sudbury Street,South,Queen Street West and a point 59.5 metres southeast,Anytime,
Settlers Road,West,A point 405 metres south and west of Sheppard Avenue East and the west end of Settlers Road,Anytime,
Millwick Drive,North and East,A point 162 metres southeast of Milvan Drive (northwest intersection) and a point 229 metres further south and east,Anytime,
Millwick Drive,South and West,A point 159 metres southeast of Milvan Drive (northwest intersection) and a point 226 metres further south and east,Anytime,
Millwick Drive,East and North,Milvan Drive (southeast intersection) and a point 378 metres north and west,Anytime,
Millwick Drive,West and South,Milvan Drive (southeast intersection) and a point 338 metres north and west,Anytime,
Thornhill Avenue,East,Raymond Avenue and Baby Point Road,"Anytime, Mon. to Sat.",
Baby Point Crescent,South,Baby Point Road (west intersection) and L'Estrange Place,Anytime,
Baby Point Crescent,South,Fleur Place and Baby Point Road (East Intersection),Anytime,
Thornhill Avenue,East,Baby Point Road and the north limit of Thornhill Avenue,Anytime,
Baby Point Road,South,Baby Point Crescent (west intersection) and Baby Point Crescent (east intersection),Anytime,
Budgell Terrace,North,A point 54 metres south of Windemere to a point 13 metres further north-west,Anytime,
Silvio Avenue,West,Zenith Drive to a point 24.5 metres further south,Anytime,
Russell Hill Road,East,Boulton Drive and point 31.4 metres north,Anytime,
Tandridge Crescent,East and south (outer circle),A point 380 metres northeast of Arcot Boulevard and Byng Avenue,Anytime,
Tandridge Crescent,West and north (outer circle),Arcot Boulevard and a point 380 metres northeast,8:00 a.m. to 5:00 p.m. Mon. to Fri.,
Melita Crescent,North and west,A point 61 metres south and east of Wychcrest Avenue (west intersection) and Lambertlodge Avenue (east intersection),"Each Thu., Apr. 1 to Nov. 30, inclusive",
Linnsmore Crescent,West,Danforth Avenue and 36.5 metres north of Strathmore Boulevard,Anytime,
Bartlett Avenue North,West,Geary Avenue a point 46 metres north,Anytime,
Hartfield Road,South,A point 100 metres southwest of The Kingsway to a point 62 metres further southwest,9:00 a.m. to 11:00 a.m. and 1:00 p.m. to 3:00 p.m. Mon. to Fri.,
Hartfield Road,South,A point 162 metres southwest of The Kingsway and Anglesey Boulevard,"8:00 a.m. to 5:00 p.m., Mon. to Fri.",
The Kingsway,South and west,A point 67 metres southeast of Hartfield Road and a point 66 metres further southeast,All times,
Forest Point Drive,East and south,A point 93 metres west and north of Forest Point Drive (south intersection) to a point 22 metres further north and east,Anytime,
Sylvan Avenue (TO),South,A point 41 metres east of Dufferin Street to a point 30 metres further east,"12:00 p.m. to 2:00 p.m., and 6:00 p.m. of one day to 7:00 a.m. of the next following day Mon. to Fri.; Anytime, Sat., Sun. and public holidays",
Cordova Avenue,East,Dundas Street and a point 104 metres northwest of Central Park Roadway (west intersection),Anytime,
Phoebe Street,South,Spadina Avenue and 40 metres east,Anytime,
Yore Road,South,A point 26 metres east of Richardson Avenue to the east end of Yore Road,"Anytime, from the 16th day to the last day of each month from Apr. 1 to Nov. 30, inclusive",
Alcorn Avenue,North,103 metres west of Yonge Street to Walker Avenue,Anytime,
Windsor Street,West,Portland Street to a point 50 metres north of Newcastle Street,Anytime,
Ontario Street,West,Carlton Street to Aberdeen Avenue,Anytime,
Driftwood Avenue,East,A point opposite the northerly limit of Yorkwoods Gate and London Green Court,"7:00 a.m. to 7:00 p.m., Mon. to Sat.",
Driftwood Avenue,West,A point opposite the northerly limit of Futura Drive and London Green Court,"7:00 a.m. to 7:00 p.m., Mon. to Sat.",
Austin Terrace,North,Hilton Avenue and a point 64 meters west of Lyndhurst Avenue,"Anytime, from the 16th day to the last day of each month, Apr. 1 to Nov. 30, inclusive; Anytime, from Dec. 1 of one year to Mar. 31 of the next following year, inclusive",
Austin Terrace,South,Hilton Avenue and a point 53 meters west of Lyndhurst Avenue,"Anytime, from the 1st day to the 15th day of each month, Apr. 1 to Nov. 30, inclusive",
Donlands Avenue,North and east,O'Connor Drive and 88 metres south of Millwood Road,"4:00 p.m. to 6:00 p.m., Mon. to Fri., except public holidays",
Donlands Avenue,South and west,O'Connor Drive and 15 metres east of Chilton Road,"7:00 a.m. to 9:00 a.m., Mon. to Fri., except public holidays",
Cordova Avenue,West,Dundas Street West and a point 15 metres southeast,Anytime,
Cordova Avenue,West,A point 120 metres southeast of Dundas Street West and Islington Avenue,Anytime,
Campbell Avenue,West,Dupont Street and a point 28 north,"Anytime, except each Thurs., from Apr. 1 to Nov. 30, inclusive",
Breadalbane Street,South,A point 76 metres east of Bay Street to a point 38 metres further east,Anytime,
